insert into administrator(account_id, account_email, account_lastname, account_name, account_password, account_username) values (1, 'eladmin@webmaster.com', 'admin', 'el', '123', 'admin');

insert into customer (account_id, account_email, account_lastname, account_name, account_password, account_username, customer_id, is_eps_customer) values (1, 'kcook0@upenn.edu', 'Cook', 'Katherine', '123', 'kat', 6155080148, false);
insert into customer (account_id, account_email, account_lastname, account_name, account_password, account_username, customer_id, is_eps_customer) values (2, 'jburton1@usatoday.com', 'Burton', 'Joyce', 'TxWrP0yAVz1', 'jburton1', 2116216627, false);
insert into customer (account_id, account_email, account_lastname, account_name, account_password, account_username, customer_id, is_eps_customer) values (3, 'kwheeler2@unicef.org', 'Wheeler', 'Kathy', 'mUUW9SxF', 'kwheeler2', 2180450917, true);
insert into customer (account_id, account_email, account_lastname, account_name, account_password, account_username, customer_id, is_eps_customer) values (4, 'icunningham3@nationalgeographic.com', 'Cunningham', 'Irene', 'xxGY8s', 'icunningham3', 5221530271, true);
insert into customer (account_id, account_email, account_lastname, account_name, account_password, account_username, customer_id, is_eps_customer) values (5, 'jmorgan4@springer.com', 'Morgan', 'Judith', 'ikIK61m', 'jmorgan4', 6099575180, false);
insert into customer (account_id, account_email, account_lastname, account_name, account_password, account_username, customer_id, is_eps_customer) values (6, 'sday5@cpanel.net', 'Day', 'Sharon', 'EnZG3QQdW', 'sday5', 7418306027, false);
insert into customer (account_id, account_email, account_lastname, account_name, account_password, account_username, customer_id, is_eps_customer) values (7, 'rrussell6@chicagotribune.com', 'Russell', 'Ruby', '5t73l3E', 'rrussell6', 1405482170, true);
insert into customer (account_id, account_email, account_lastname, account_name, account_password, account_username, customer_id, is_eps_customer) values (8, 'lmitchell7@craigslist.org', 'Mitchell', 'Lillian', '0l9wPe', 'lmitchell7', 8760237766, false);
insert into customer (account_id, account_email, account_lastname, account_name, account_password, account_username, customer_id, is_eps_customer) values (9, 'wnguyen8@bing.com', 'Nguyen', 'Walter', 'zVAsFr', 'wnguyen8', 2117720361, false);
insert into customer (account_id, account_email, account_lastname, account_name, account_password, account_username, customer_id, is_eps_customer) values (10, 'dturner9@princeton.edu', 'Turner', 'Douglas', 'nwkFMRMgVPes', 'dturner9', 2125326986, true);
insert into customer (account_id, account_email, account_lastname, account_name, account_password, account_username, customer_id, is_eps_customer) values (11, 'rsmitha@issuu.com', 'Smith', 'Roger', 'C0tyD2qVy', 'rsmitha', 4260189288, true);
insert into customer (account_id, account_email, account_lastname, account_name, account_password, account_username, customer_id, is_eps_customer) values (12, 'cedwardsb@google.ca', 'Edwards', 'Charles', 'L7IlBiWL', 'cedwardsb', 9842285269, false);
insert into customer (account_id, account_email, account_lastname, account_name, account_password, account_username, customer_id, is_eps_customer) values (13, 'jramosc@google.it', 'Ramos', 'Judy', 'hB04v3Rww', 'jramosc', 1449499079, false);
insert into customer (account_id, account_email, account_lastname, account_name, account_password, account_username, customer_id, is_eps_customer) values (14, 'hhayesd@intel.com', 'Hayes', 'Heather', 'mHEaXMIGNnqY', 'hhayesd', 7379766379, true);
insert into customer (account_id, account_email, account_lastname, account_name, account_password, account_username, customer_id, is_eps_customer) values (15, 'bkennedye@wikispaces.com', 'Kennedy', 'Bobby', 'a8RVrO0z', 'bkennedye', 6182517568, true);
insert into customer (account_id, account_email, account_lastname, account_name, account_password, account_username, customer_id, is_eps_customer) values (16, 'awilliamsonf@dailymotion.com', 'Williamson', 'Antonio', 'kQhGa18s', 'awilliamsonf', 7069353430, false);
insert into customer (account_id, account_email, account_lastname, account_name, account_password, account_username, customer_id, is_eps_customer) values (17, 'jharveyg@ebay.com', 'Harvey', 'Jack', 'WG8KzbE3a0u', 'jharveyg', 6839225266, false);
insert into customer (account_id, account_email, account_lastname, account_name, account_password, account_username, customer_id, is_eps_customer) values (18, 'dvasquezh@stumbleupon.com', 'Vasquez', 'Debra', 'R03kRv', 'dvasquezh', 7322976759, false);
insert into customer (account_id, account_email, account_lastname, account_name, account_password, account_username, customer_id, is_eps_customer) values (19, 'lfieldsi@t-online.de', 'Fields', 'Lawrence', 'K0Er7Dl', 'lfieldsi', 9164538563, false);
insert into customer (account_id, account_email, account_lastname, account_name, account_password, account_username, customer_id, is_eps_customer) values (20, 'egeorgej@storify.com', 'George', 'Edward', '3tPhVA', 'egeorgej', 7601705951, true);
insert into customer (account_id, account_email, account_lastname, account_name, account_password, account_username, customer_id, is_eps_customer) values (21, 'lschmidtk@sakura.ne.jp', 'Schmidt', 'Lisa', '8cVIOOYP6SPw', 'lschmidtk', 7488054669, true);
insert into customer (account_id, account_email, account_lastname, account_name, account_password, account_username, customer_id, is_eps_customer) values (22, 'ereidl@reference.com', 'Reid', 'Eric', 'Zh1P1d', 'ereidl', 3875394867, true);
insert into customer (account_id, account_email, account_lastname, account_name, account_password, account_username, customer_id, is_eps_customer) values (23, 'mgomezm@scribd.com', 'Gomez', 'Melissa', 'cqDphv79ncd', 'mgomezm', 1560275793, true);
insert into customer (account_id, account_email, account_lastname, account_name, account_password, account_username, customer_id, is_eps_customer) values (24, 'jweavern@g.co', 'Weaver', 'Jane', '7yHG6fY', 'jweavern', 1220863192, false);
insert into customer (account_id, account_email, account_lastname, account_name, account_password, account_username, customer_id, is_eps_customer) values (25, 'sturnero@earthlink.net', 'Turner', 'Steve', 'jdNzoxl', 'sturnero', 4212008981, false);
insert into customer (account_id, account_email, account_lastname, account_name, account_password, account_username, customer_id, is_eps_customer) values (26, 'ascottp@yellowbook.com', 'Scott', 'Alan', 'pfeDwl', 'ascottp', 7840594841, false);
insert into customer (account_id, account_email, account_lastname, account_name, account_password, account_username, customer_id, is_eps_customer) values (27, 'asandersq@eventbrite.com', 'Sanders', 'Andrea', 'PeyJf9NMdXz', 'asandersq', 6271583495, true);
insert into customer (account_id, account_email, account_lastname, account_name, account_password, account_username, customer_id, is_eps_customer) values (28, 'pcruzr@youtu.be', 'Cruz', 'Paul', 'tRJj7Zr', 'pcruzr', 6727783376, false);
insert into customer (account_id, account_email, account_lastname, account_name, account_password, account_username, customer_id, is_eps_customer) values (29, 'jjordans@state.gov', 'Jordan', 'Jose', '4seqQxinovc', 'jjordans', 2642713985, false);
insert into customer (account_id, account_email, account_lastname, account_name, account_password, account_username, customer_id, is_eps_customer) values (30, 'dthompsont@wp.com', 'Thompson', 'Diane', 'CklxxE', 'dthompsont', 5117807549, true);

insert into drug (drug_id, drug_brand_name, drug_chemical_name, drug_classification, drug_direction, drug_dosage, drug_form, drug_generic_name, drug_pharmaceutical_company, is_prescription_drug, drug_price, drug_side_effect, drug_use, drug_warning) values (1, 'Asthma Allergies', 'nisl nunc', 'suscipit', 'non', 'in', 'quisque', 'Allium Cepa 30c, Arsenicum 30c', 'Home Sweet Homeopathics', false, 136230, 'nisl', 'nisl', 'eget');
insert into drug (drug_id, drug_brand_name, drug_chemical_name, drug_classification, drug_direction, drug_dosage, drug_form, drug_generic_name, drug_pharmaceutical_company, is_prescription_drug, drug_price, drug_side_effect, drug_use, drug_warning) values (2, 'Hydrochlorothiazide', 'tempor', 'imperdiet', 'quam', 'elementum', 'felis', 'Hydrochlorothiazide', 'Accord Healthcare Inc.', false, 119257, 'aenean', 'vulputate', 'luctus');
insert into drug (drug_id, drug_brand_name, drug_chemical_name, drug_classification, drug_direction, drug_dosage, drug_form, drug_generic_name, drug_pharmaceutical_company, is_prescription_drug, drug_price, drug_side_effect, drug_use, drug_warning) values (3, 'Tormentilla Cochlearia', 'mattis', 'morbi', 'primis', 'donec', 'et', 'Tormentilla Cochlearia', 'Uriel Pharmacy Inc.', false, 39625, 'porta', 'dui', 'lectus');
insert into drug (drug_id, drug_brand_name, drug_chemical_name, drug_classification, drug_direction, drug_dosage, drug_form, drug_generic_name, drug_pharmaceutical_company, is_prescription_drug, drug_price, drug_side_effect, drug_use, drug_warning) values (4, 'CEFPROZIL', 'blandit', 'ut', 'urna', 'consequat', 'turpis', 'CEFPROZIL', 'Wockhardt Limited', false, 79613, 'eget', 'magnis', 'non');
insert into drug (drug_id, drug_brand_name, drug_chemical_name, drug_classification, drug_direction, drug_dosage, drug_form, drug_generic_name, drug_pharmaceutical_company, is_prescription_drug, drug_price, drug_side_effect, drug_use, drug_warning) values (5, 'Amoxicillin and Clavulanate Potassium', 'pede', 'aenean', 'in', 'duis', 'sapien', 'amoxicillin and clavulanate potassium', 'Dr. Reddy''s Laboratories Inc', false, 84714, 'dis', 'sit', 'vel');
insert into drug (drug_id, drug_brand_name, drug_chemical_name, drug_classification, drug_direction, drug_dosage, drug_form, drug_generic_name, drug_pharmaceutical_company, is_prescription_drug, drug_price, drug_side_effect, drug_use, drug_warning) values (6, 'STERILUBE OINTMENT', 'nascetur ridiculus', 'orci', 'lacus', 'amet', 'orci', 'PETROLATUM OPHTHALMIC OINTMENT', 'Fera Pharmaceuticals', false, 20070, 'ut', 'duis', 'semper');
insert into drug (drug_id, drug_brand_name, drug_chemical_name, drug_classification, drug_direction, drug_dosage, drug_form, drug_generic_name, drug_pharmaceutical_company, is_prescription_drug, drug_price, drug_side_effect, drug_use, drug_warning) values (7, 'Felodipine', 'in lectus', 'nunc', 'metus', 'hendrerit', 'ut', 'Felodipine', 'Torrent Pharmaceuticals Limited', false, 65253, 'non', 'ante', 'congue');
insert into drug (drug_id, drug_brand_name, drug_chemical_name, drug_classification, drug_direction, drug_dosage, drug_form, drug_generic_name, drug_pharmaceutical_company, is_prescription_drug, drug_price, drug_side_effect, drug_use, drug_warning) values (8, 'Carticel', 'sodales', 'nunc', 'sem', 'praesent', 'quis', 'autologous cultured chondrocytes', 'Genzyme Corporation', false, 98891, 'id', 'ultricies', 'at');
insert into drug (drug_id, drug_brand_name, drug_chemical_name, drug_classification, drug_direction, drug_dosage, drug_form, drug_generic_name, drug_pharmaceutical_company, is_prescription_drug, drug_price, drug_side_effect, drug_use, drug_warning) values (9, 'Hydroxyzine Hydrochloride', 'semper', 'luctus', 'curae', 'molestie', 'in', 'hydroxyzine hydrochloride', 'Mylan Institutional Inc.', false, 12047, 'tortor', 'a', 'sed');
insert into drug (drug_id, drug_brand_name, drug_chemical_name, drug_classification, drug_direction, drug_dosage, drug_form, drug_generic_name, drug_pharmaceutical_company, is_prescription_drug, drug_price, drug_side_effect, drug_use, drug_warning) values (10, 'Synthroid', 'lectus vestibulum', 'molestie', 'aenean', 'lorem', 'sed', 'Levothyroxine Sodium', 'Aphena Pharma Solutions - Tennessee, Inc.', false, 5578, 'ipsum', 'lectus', 'sed');
insert into drug (drug_id, drug_brand_name, drug_chemical_name, drug_classification, drug_direction, drug_dosage, drug_form, drug_generic_name, drug_pharmaceutical_company, is_prescription_drug, drug_price, drug_side_effect, drug_use, drug_warning) values (11, 'ONDANSETRON HYDROCHLORIDE', 'suspendisse accumsan', 'justo', 'elit', 'integer', 'maecenas', 'ONDANSETRON HYDROCHLORIDE', 'Claris Lifesciences Inc.', false, 36827, 'proin', 'augue', 'venenatis');
insert into drug (drug_id, drug_brand_name, drug_chemical_name, drug_classification, drug_direction, drug_dosage, drug_form, drug_generic_name, drug_pharmaceutical_company, is_prescription_drug, drug_price, drug_side_effect, drug_use, drug_warning) values (12, 'Energy Catalyst', 'in', 'venenatis', 'lobortis', 'est', 'tempus', 'Manganum Gluconicum', 'Deseret Biologicals, Inc.', false, 52197, 'praesent', 'consequat', 'hac');
insert into drug (drug_id, drug_brand_name, drug_chemical_name, drug_classification, drug_direction, drug_dosage, drug_form, drug_generic_name, drug_pharmaceutical_company, is_prescription_drug, drug_price, drug_side_effect, drug_use, drug_warning) values (13, 'Microgestin', 'libero', 'interdum', 'nec', 'vel', 'scelerisque', 'Norethindrone Acetate and Ethinyl Estradiol and Ferrous Fumarate', 'Actavis Pharma, Inc.', false, 74642, 'platea', 'ante', 'tellus');
insert into drug (drug_id, drug_brand_name, drug_chemical_name, drug_classification, drug_direction, drug_dosage, drug_form, drug_generic_name, drug_pharmaceutical_company, is_prescription_drug, drug_price, drug_side_effect, drug_use, drug_warning) values (14, 'Letrozole', 'ligula sit', 'urna', 'consequat', 'tristique', 'dictumst', 'Letrozole', 'American Health Packaging', false, 8619, 'lacus', 'blandit', 'ac');
insert into drug (drug_id, drug_brand_name, drug_chemical_name, drug_classification, drug_direction, drug_dosage, drug_form, drug_generic_name, drug_pharmaceutical_company, is_prescription_drug, drug_price, drug_side_effect, drug_use, drug_warning) values (15, 'heartburn prevention', 'quis turpis', 'congue', 'nisi', 'dis', 'proin', 'Famotidine', 'H E B', false, 108182, 'odio', 'etiam', 'quis');
insert into drug (drug_id, drug_brand_name, drug_chemical_name, drug_classification, drug_direction, drug_dosage, drug_form, drug_generic_name, drug_pharmaceutical_company, is_prescription_drug, drug_price, drug_side_effect, drug_use, drug_warning) values (16, 'Watercress', 'vehicula', 'ut', 'dui', 'in', 'nisi', 'Watercress', 'Nelco Laboratories, Inc.', false, 107981, 'quam', 'nascetur', 'in');
insert into drug (drug_id, drug_brand_name, drug_chemical_name, drug_classification, drug_direction, drug_dosage, drug_form, drug_generic_name, drug_pharmaceutical_company, is_prescription_drug, drug_price, drug_side_effect, drug_use, drug_warning) values (17, 'Leader Kids', 'orci eget', 'vestibulum', 'duis', 'fusce', 'sem', 'Homosalate, Octisalate, Oxybenzone, Octocrylene, Avobenzone', 'Cardinal Health', false, 107078, 'morbi', 'vestibulum', 'donec');
insert into drug (drug_id, drug_brand_name, drug_chemical_name, drug_classification, drug_direction, drug_dosage, drug_form, drug_generic_name, drug_pharmaceutical_company, is_prescription_drug, drug_price, drug_side_effect, drug_use, drug_warning) values (18, 'Preferred Plus Sinus', 'augue', 'leo', 'volutpat', 'sapien', 'at', 'Pseudoephedrine HCl', 'Kinray', false, 78104, 'cursus', 'quisque', 'placerat');
insert into drug (drug_id, drug_brand_name, drug_chemical_name, drug_classification, drug_direction, drug_dosage, drug_form, drug_generic_name, drug_pharmaceutical_company, is_prescription_drug, drug_price, drug_side_effect, drug_use, drug_warning) values (19, 'SHISEIDO UV PROTECTIVE FOUNDATION', 'a', 'viverra', 'sem', 'lectus', 'imperdiet', 'OCTINOXATE and TITANIUM DIOXIDE', 'SHISEIDO AMERICAS CORPORATION', false, 47480, 'aliquam', 'neque', 'lacus');
insert into drug (drug_id, drug_brand_name, drug_chemical_name, drug_classification, drug_direction, drug_dosage, drug_form, drug_generic_name, drug_pharmaceutical_company, is_prescription_drug, drug_price, drug_side_effect, drug_use, drug_warning) values (20, 'Cepacol', 'vitae mattis', 'lobortis', 'mattis', 'felis', 'massa', 'Benzocaine and Dextromethorphan Hydrobromide', 'Reckitt Benckiser LLC', false, 26816, 'adipiscing', 'vestibulum', 'dolor');
insert into drug (drug_id, drug_brand_name, drug_chemical_name, drug_classification, drug_direction, drug_dosage, drug_form, drug_generic_name, drug_pharmaceutical_company, is_prescription_drug, drug_price, drug_side_effect, drug_use, drug_warning) values (21, 'Freshmint Premium Anticavity', 'accumsan odio', 'at', 'molestie', 'aliquet', 'augue', 'Sodium Fluoride', 'New World Imports, Inc', false, 94702, 'proin', 'vulputate', 'velit');
insert into drug (drug_id, drug_brand_name, drug_chemical_name, drug_classification, drug_direction, drug_dosage, drug_form, drug_generic_name, drug_pharmaceutical_company, is_prescription_drug, drug_price, drug_side_effect, drug_use, drug_warning) values (22, 'Multi-Symptom Cold and Cough Daytime Nighttime', 'massa donec', 'pharetra', 'non', 'eu', 'condimentum', 'Acetaminophen, Dextromethorphan HBr, Diphenhydramine HCl, Guaifenesin, Phenylephrine HCl', 'Rite Aid', false, 141121, 'elementum', 'ut', 'eu');
insert into drug (drug_id, drug_brand_name, drug_chemical_name, drug_classification, drug_direction, drug_dosage, drug_form, drug_generic_name, drug_pharmaceutical_company, is_prescription_drug, drug_price, drug_side_effect, drug_use, drug_warning) values (23, 'levetiracetam', 'enim', 'vestibulum', 'nam', 'pellentesque', 'aliquam', 'levetiracetam', 'Anchen Pharmaceuticals, Inc.', false, 26361, 'posuere', 'sit', 'vestibulum');
insert into drug (drug_id, drug_brand_name, drug_chemical_name, drug_classification, drug_direction, drug_dosage, drug_form, drug_generic_name, drug_pharmaceutical_company, is_prescription_drug, drug_price, drug_side_effect, drug_use, drug_warning) values (24, 'Naproxen', 'dapibus', 'nulla', 'integer', 'quam', 'libero', 'Naproxen', 'Contract Pharmacy Services-PA', false, 130546, 'vestibulum', 'odio', 'libero');
insert into drug (drug_id, drug_brand_name, drug_chemical_name, drug_classification, drug_direction, drug_dosage, drug_form, drug_generic_name, drug_pharmaceutical_company, is_prescription_drug, drug_price, drug_side_effect, drug_use, drug_warning) values (25, 'L OCCITANE AU BRESIL - JENIPAPO Face Protection Veil SPF 30 Broad Spectrum', 'nunc vestibulum', 'nisl', 'quis', 'erat', 'sapien', 'TITANIUM DIOXIDE', 'Laboratoires M&L', false, 108056, 'suscipit', 'amet', 'ultricies');
insert into drug (drug_id, drug_brand_name, drug_chemical_name, drug_classification, drug_direction, drug_dosage, drug_form, drug_generic_name, drug_pharmaceutical_company, is_prescription_drug, drug_price, drug_side_effect, drug_use, drug_warning) values (26, 'Carbamazepine', 'posuere felis', 'condimentum', 'luctus', 'ultricies', 'phasellus', 'Carbamazepine', 'TYA Pharmaceuticals', false, 131263, 'cursus', 'cursus', 'hendrerit');
insert into drug (drug_id, drug_brand_name, drug_chemical_name, drug_classification, drug_direction, drug_dosage, drug_form, drug_generic_name, drug_pharmaceutical_company, is_prescription_drug, drug_price, drug_side_effect, drug_use, drug_warning) values (27, 'Promethazine Hydrochloride', 'posuere cubilia', 'sed', 'hendrerit', 'volutpat', 'vel', 'Promethazine Hydrochloride', 'West-ward Pharmaceutical Corp.', false, 32261, 'nisi', 'odio', 'vel');
insert into drug (drug_id, drug_brand_name, drug_chemical_name, drug_classification, drug_direction, drug_dosage, drug_form, drug_generic_name, drug_pharmaceutical_company, is_prescription_drug, drug_price, drug_side_effect, drug_use, drug_warning) values (28, 'Hydrochlorothiazide', 'mauris laoreet', 'vulputate', 'duis', 'neque', 'orci', 'Hydrochlorothiazide', 'Unit Dose Services', false, 43114, 'duis', 'augue', 'blandit');
insert into drug (drug_id, drug_brand_name, drug_chemical_name, drug_classification, drug_direction, drug_dosage, drug_form, drug_generic_name, drug_pharmaceutical_company, is_prescription_drug, drug_price, drug_side_effect, drug_use, drug_warning) values (29, 'Number Ten Mold Mixture', 'nunc rhoncus', 'rutrum', 'in', 'viverra', 'imperdiet', 'Number Ten Mold Mixture', 'Antigen Laboratories, Inc.', false, 67797, 'id', 'pellentesque', 'congue');
insert into drug (drug_id, drug_brand_name, drug_chemical_name, drug_classification, drug_direction, drug_dosage, drug_form, drug_generic_name, drug_pharmaceutical_company, is_prescription_drug, drug_price, drug_side_effect, drug_use, drug_warning) values (30, 'Olanzapine', 'feugiat non', 'eu', 'volutpat', 'nibh', 'volutpat', 'Olanzapine', 'Clinical Solutions Wholesale', false, 21464, 'vestibulum', 'ante', 'vulputate');
insert into drug (drug_id, drug_brand_name, drug_chemical_name, drug_classification, drug_direction, drug_dosage, drug_form, drug_generic_name, drug_pharmaceutical_company, is_prescription_drug, drug_price, drug_side_effect, drug_use, drug_warning) values (31, 'amlodipine besylate and benazepril hydrochloride', 'odio elementum', 'donec', 'vulputate', 'et', 'donec', 'amlodipine besylate and benazepril hydrochloride', 'NCS HealthCare of KY, Inc dba Vangard Labs', false, 11171, 'sapien', 'in', 'mauris');
insert into drug (drug_id, drug_brand_name, drug_chemical_name, drug_classification, drug_direction, drug_dosage, drug_form, drug_generic_name, drug_pharmaceutical_company, is_prescription_drug, drug_price, drug_side_effect, drug_use, drug_warning) values (32, 'Bio Impatiens', 'dapibus', 'et', 'ullamcorper', 'ultrices', 'odio', 'Impatiens', 'BioActive Nutritional, Inc.', false, 119803, 'penatibus', 'massa', 'maecenas');
insert into drug (drug_id, drug_brand_name, drug_chemical_name, drug_classification, drug_direction, drug_dosage, drug_form, drug_generic_name, drug_pharmaceutical_company, is_prescription_drug, drug_price, drug_side_effect, drug_use, drug_warning) values (33, 'Rizatriptan Benzoate', 'aliquam', 'porttitor', 'a', 'fermentum', 'turpis', 'Rizatriptan Benzoate', 'Sun Pharma Global FZE', false, 45213, 'curabitur', 'quam', 'tincidunt');
insert into drug (drug_id, drug_brand_name, drug_chemical_name, drug_classification, drug_direction, drug_dosage, drug_form, drug_generic_name, drug_pharmaceutical_company, is_prescription_drug, drug_price, drug_side_effect, drug_use, drug_warning) values (34, 'in control nicotine', 'fringilla rhoncus', 'sed', 'erat', 'sodales', 'lorem', 'Nicotine Polacrilex', 'H E B', false, 132754, 'potenti', 'diam', 'etiam');
insert into drug (drug_id, drug_brand_name, drug_chemical_name, drug_classification, drug_direction, drug_dosage, drug_form, drug_generic_name, drug_pharmaceutical_company, is_prescription_drug, drug_price, drug_side_effect, drug_use, drug_warning) values (35, 'Baycadron', 'felis fusce', 'euismod', 'congue', 'eu', 'non', 'Dexamethasone', 'Wockhardt USA, LLC', false, 85526, 'tortor', 'mus', 'semper');
insert into drug (drug_id, drug_brand_name, drug_chemical_name, drug_classification, drug_direction, drug_dosage, drug_form, drug_generic_name, drug_pharmaceutical_company, is_prescription_drug, drug_price, drug_side_effect, drug_use, drug_warning) values (36, 'Enalapril Maleate', 'tortor', 'imperdiet', 'cras', 'tellus', 'nunc', 'Enalapril Maleate', 'Teva Pharmaceuticals USA Inc', false, 50756, 'sapien', 'non', 'aliquet');
insert into drug (drug_id, drug_brand_name, drug_chemical_name, drug_classification, drug_direction, drug_dosage, drug_form, drug_generic_name, drug_pharmaceutical_company, is_prescription_drug, drug_price, drug_side_effect, drug_use, drug_warning) values (37, 'Mineral Oil', 'neque aenean', 'sed', 'ut', 'orci', 'mi', 'Mineral Oil', 'Sunmark', false, 44721, 'tortor', 'rhoncus', 'volutpat');
insert into drug (drug_id, drug_brand_name, drug_chemical_name, drug_classification, drug_direction, drug_dosage, drug_form, drug_generic_name, drug_pharmaceutical_company, is_prescription_drug, drug_price, drug_side_effect, drug_use, drug_warning) values (38, 'OLANZAPINE', 'nec', 'venenatis', 'lobortis', 'accumsan', 'vestibulum', 'OLANZAPINE', 'Torrent Pharmaceuticals Limited', false, 149815, 'posuere', 'in', 'eget');
insert into drug (drug_id, drug_brand_name, drug_chemical_name, drug_classification, drug_direction, drug_dosage, drug_form, drug_generic_name, drug_pharmaceutical_company, is_prescription_drug, drug_price, drug_side_effect, drug_use, drug_warning) values (39, 'Cold and Flu HBP', 'sapien dignissim', 'scelerisque', 'libero', 'in', 'felis', 'Acetaminophen and Chlorpheniramine Maleate', 'WOONSOCKET PRESCRIPTION CENTER,INCORPORATED', false, 144718, 'hac', 'sapien', 'erat');
insert into drug (drug_id, drug_brand_name, drug_chemical_name, drug_classification, drug_direction, drug_dosage, drug_form, drug_generic_name, drug_pharmaceutical_company, is_prescription_drug, drug_price, drug_side_effect, drug_use, drug_warning) values (40, 'LOreal Paris Ideal Moisture Normal Skin Broad Spectrum SPF 25 Sunscreen', 'vel', 'tellus', 'semper', 'hendrerit', 'augue', 'Avobenzone, Homosalate, Octisalate and Octocrylene', 'L''Oreal USA Products Inc', false, 18827, 'rutrum', 'mi', 'felis');
insert into drug (drug_id, drug_brand_name, drug_chemical_name, drug_classification, drug_direction, drug_dosage, drug_form, drug_generic_name, drug_pharmaceutical_company, is_prescription_drug, drug_price, drug_side_effect, drug_use, drug_warning) values (41, 'Clemastine Fumarate', 'dapibus', 'diam', 'blandit', 'augue', 'consequat', 'Clemastine Fumarate', 'Silarx Pharmaceuticals, Inc', false, 23388, 'vehicula', 'lorem', 'libero');
insert into drug (drug_id, drug_brand_name, drug_chemical_name, drug_classification, drug_direction, drug_dosage, drug_form, drug_generic_name, drug_pharmaceutical_company, is_prescription_drug, drug_price, drug_side_effect, drug_use, drug_warning) values (42, 'Ceftriaxone', 'vitae', 'lorem', 'vitae', 'odio', 'donec', 'Ceftriaxone Sodium', 'Apotex Corporation', false, 55116, 'lacinia', 'accumsan', 'a');
insert into drug (drug_id, drug_brand_name, drug_chemical_name, drug_classification, drug_direction, drug_dosage, drug_form, drug_generic_name, drug_pharmaceutical_company, is_prescription_drug, drug_price, drug_side_effect, drug_use, drug_warning) values (43, 'Organoplex Special Order', 'augue', 'eu', 'vestibulum', 'proin', 'diam', 'Organoplex Special Order', 'Uriel Pharmacy Inc.', false, 114297, 'aliquam', 'in', 'nulla');
insert into drug (drug_id, drug_brand_name, drug_chemical_name, drug_classification, drug_direction, drug_dosage, drug_form, drug_generic_name, drug_pharmaceutical_company, is_prescription_drug, drug_price, drug_side_effect, drug_use, drug_warning) values (44, 'Mirtazapine', 'metus vitae', 'ipsum', 'sapien', 'neque', 'varius', 'Mirtazapine', 'Cardinal Health', false, 79771, 'faucibus', 'nisi', 'et');
insert into drug (drug_id, drug_brand_name, drug_chemical_name, drug_classification, drug_direction, drug_dosage, drug_form, drug_generic_name, drug_pharmaceutical_company, is_prescription_drug, drug_price, drug_side_effect, drug_use, drug_warning) values (45, 'Ibuprofen', 'odio curabitur', 'metus', 'sed', 'ridiculus', 'vestibulum', 'Ibuprofen', 'Amneal Pharmaceuticals of New York, LLC', false, 121041, 'imperdiet', 'in', 'vivamus');
insert into drug (drug_id, drug_brand_name, drug_chemical_name, drug_classification, drug_direction, drug_dosage, drug_form, drug_generic_name, drug_pharmaceutical_company, is_prescription_drug, drug_price, drug_side_effect, drug_use, drug_warning) values (46, 'Levetiracetam', 'pulvinar', 'tellus', 'purus', 'dapibus', 'nulla', 'Levetiracetam', 'Lake Erie Medical & Surgical Supply DBA Quality Care Products LLC', false, 86746, 'elementum', 'ac', 'risus');
insert into drug (drug_id, drug_brand_name, drug_chemical_name, drug_classification, drug_direction, drug_dosage, drug_form, drug_generic_name, drug_pharmaceutical_company, is_prescription_drug, drug_price, drug_side_effect, drug_use, drug_warning) values (47, 'Disopyramide Phosphate', 'nec sem', 'in', 'integer', 'a', 'nec', 'Disopyramide Phosphate', 'Teva Pharmaceuticals USA Inc', false, 135074, 'turpis', 'vestibulum', 'morbi');
insert into drug (drug_id, drug_brand_name, drug_chemical_name, drug_classification, drug_direction, drug_dosage, drug_form, drug_generic_name, drug_pharmaceutical_company, is_prescription_drug, drug_price, drug_side_effect, drug_use, drug_warning) values (48, 'Justice Vanilla Scent ANTI BAC HAND SANITIZER', 'sed', 'nulla', 'eget', 'tempus', 'mattis', 'ETHYL ALCOHOL', 'Tween Brands Inc', false, 55328, 'turpis', 'amet', 'dolor');
insert into drug (drug_id, drug_brand_name, drug_chemical_name, drug_classification, drug_direction, drug_dosage, drug_form, drug_generic_name, drug_pharmaceutical_company, is_prescription_drug, drug_price, drug_side_effect, drug_use, drug_warning) values (49, 'sore throat spray', 'neque', 'vel', 'enim', 'sapien', 'ut', 'Phenol', 'CVS Pharmacy', false, 126293, 'fusce', 'ac', 'nibh');
insert into drug (drug_id, drug_brand_name, drug_chemical_name, drug_classification, drug_direction, drug_dosage, drug_form, drug_generic_name, drug_pharmaceutical_company, is_prescription_drug, drug_price, drug_side_effect, drug_use, drug_warning) values (50, 'anti nausea', 'eget eleifend', 'posuere', 'dui', 'rhoncus', 'vivamus', 'Dextrose (glucose), Levulose (fructose), Phosphoric Acid', 'Safeway', false, 30126, 'velit', 'id', 'lobortis');

insert into inventory_item (inventory_item_id, inventory_item_amount) values (1, 844);
insert into inventory_item (inventory_item_id, inventory_item_amount) values (2, 947);
insert into inventory_item (inventory_item_id, inventory_item_amount) values (3, 601);
insert into inventory_item (inventory_item_id, inventory_item_amount) values (4, 246);
insert into inventory_item (inventory_item_id, inventory_item_amount) values (5, 73);
insert into inventory_item (inventory_item_id, inventory_item_amount) values (6, 368);
insert into inventory_item (inventory_item_id, inventory_item_amount) values (7, 377);
insert into inventory_item (inventory_item_id, inventory_item_amount) values (8, 509);
insert into inventory_item (inventory_item_id, inventory_item_amount) values (9, 190);
insert into inventory_item (inventory_item_id, inventory_item_amount) values (10, 866);
insert into inventory_item (inventory_item_id, inventory_item_amount) values (11, 236);
insert into inventory_item (inventory_item_id, inventory_item_amount) values (12, 411);
insert into inventory_item (inventory_item_id, inventory_item_amount) values (13, 614);
insert into inventory_item (inventory_item_id, inventory_item_amount) values (14, 420);
insert into inventory_item (inventory_item_id, inventory_item_amount) values (15, 567);
insert into inventory_item (inventory_item_id, inventory_item_amount) values (16, 544);
insert into inventory_item (inventory_item_id, inventory_item_amount) values (17, 43);
insert into inventory_item (inventory_item_id, inventory_item_amount) values (18, 500);
insert into inventory_item (inventory_item_id, inventory_item_amount) values (19, 364);
insert into inventory_item (inventory_item_id, inventory_item_amount) values (20, 343);
insert into inventory_item (inventory_item_id, inventory_item_amount) values (21, 479);
insert into inventory_item (inventory_item_id, inventory_item_amount) values (22, 817);
insert into inventory_item (inventory_item_id, inventory_item_amount) values (23, 553);
insert into inventory_item (inventory_item_id, inventory_item_amount) values (24, 697);
insert into inventory_item (inventory_item_id, inventory_item_amount) values (25, 54);
insert into inventory_item (inventory_item_id, inventory_item_amount) values (26, 247);
insert into inventory_item (inventory_item_id, inventory_item_amount) values (27, 32);
insert into inventory_item (inventory_item_id, inventory_item_amount) values (28, 794);
insert into inventory_item (inventory_item_id, inventory_item_amount) values (29, 147);
insert into inventory_item (inventory_item_id, inventory_item_amount) values (30, 618);
insert into inventory_item (inventory_item_id, inventory_item_amount) values (31, 314);
insert into inventory_item (inventory_item_id, inventory_item_amount) values (32, 122);
insert into inventory_item (inventory_item_id, inventory_item_amount) values (33, 529);
insert into inventory_item (inventory_item_id, inventory_item_amount) values (34, 313);
insert into inventory_item (inventory_item_id, inventory_item_amount) values (35, 875);
insert into inventory_item (inventory_item_id, inventory_item_amount) values (36, 879);
insert into inventory_item (inventory_item_id, inventory_item_amount) values (37, 164);
insert into inventory_item (inventory_item_id, inventory_item_amount) values (38, 248);
insert into inventory_item (inventory_item_id, inventory_item_amount) values (39, 23);
insert into inventory_item (inventory_item_id, inventory_item_amount) values (40, 157);
insert into inventory_item (inventory_item_id, inventory_item_amount) values (41, 749);
insert into inventory_item (inventory_item_id, inventory_item_amount) values (42, 66);
insert into inventory_item (inventory_item_id, inventory_item_amount) values (43, 604);
insert into inventory_item (inventory_item_id, inventory_item_amount) values (44, 475);
insert into inventory_item (inventory_item_id, inventory_item_amount) values (45, 484);
insert into inventory_item (inventory_item_id, inventory_item_amount) values (46, 226);
insert into inventory_item (inventory_item_id, inventory_item_amount) values (47, 98);
insert into inventory_item (inventory_item_id, inventory_item_amount) values (48, 3);
insert into inventory_item (inventory_item_id, inventory_item_amount) values (49, 69);
insert into inventory_item (inventory_item_id, inventory_item_amount) values (50, 489);

insert into drug_inventory (inventory_item_id, drug_id) values (1, 1);
insert into drug_inventory (inventory_item_id, drug_id) values (2, 2);
insert into drug_inventory (inventory_item_id, drug_id) values (3, 3);
insert into drug_inventory (inventory_item_id, drug_id) values (4, 4);
insert into drug_inventory (inventory_item_id, drug_id) values (5, 5);
insert into drug_inventory (inventory_item_id, drug_id) values (6, 6);
insert into drug_inventory (inventory_item_id, drug_id) values (7, 7);
insert into drug_inventory (inventory_item_id, drug_id) values (8, 8);
insert into drug_inventory (inventory_item_id, drug_id) values (9, 9);
insert into drug_inventory (inventory_item_id, drug_id) values (10, 10);
insert into drug_inventory (inventory_item_id, drug_id) values (11, 11);
insert into drug_inventory (inventory_item_id, drug_id) values (12, 12);
insert into drug_inventory (inventory_item_id, drug_id) values (13, 13);
insert into drug_inventory (inventory_item_id, drug_id) values (14, 14);
insert into drug_inventory (inventory_item_id, drug_id) values (15, 15);
insert into drug_inventory (inventory_item_id, drug_id) values (16, 16);
insert into drug_inventory (inventory_item_id, drug_id) values (17, 17);
insert into drug_inventory (inventory_item_id, drug_id) values (18, 18);
insert into drug_inventory (inventory_item_id, drug_id) values (19, 19);
insert into drug_inventory (inventory_item_id, drug_id) values (20, 20);
insert into drug_inventory (inventory_item_id, drug_id) values (21, 21);
insert into drug_inventory (inventory_item_id, drug_id) values (22, 22);
insert into drug_inventory (inventory_item_id, drug_id) values (23, 23);
insert into drug_inventory (inventory_item_id, drug_id) values (24, 24);
insert into drug_inventory (inventory_item_id, drug_id) values (25, 25);
insert into drug_inventory (inventory_item_id, drug_id) values (26, 26);
insert into drug_inventory (inventory_item_id, drug_id) values (27, 27);
insert into drug_inventory (inventory_item_id, drug_id) values (28, 28);
insert into drug_inventory (inventory_item_id, drug_id) values (29, 29);
insert into drug_inventory (inventory_item_id, drug_id) values (30, 30);
insert into drug_inventory (inventory_item_id, drug_id) values (31, 31);
insert into drug_inventory (inventory_item_id, drug_id) values (32, 32);
insert into drug_inventory (inventory_item_id, drug_id) values (33, 33);
insert into drug_inventory (inventory_item_id, drug_id) values (34, 34);
insert into drug_inventory (inventory_item_id, drug_id) values (35, 35);
insert into drug_inventory (inventory_item_id, drug_id) values (36, 36);
insert into drug_inventory (inventory_item_id, drug_id) values (37, 37);
insert into drug_inventory (inventory_item_id, drug_id) values (38, 38);
insert into drug_inventory (inventory_item_id, drug_id) values (39, 39);
insert into drug_inventory (inventory_item_id, drug_id) values (40, 40);
insert into drug_inventory (inventory_item_id, drug_id) values (41, 41);
insert into drug_inventory (inventory_item_id, drug_id) values (42, 42);
insert into drug_inventory (inventory_item_id, drug_id) values (43, 43);
insert into drug_inventory (inventory_item_id, drug_id) values (44, 44);
insert into drug_inventory (inventory_item_id, drug_id) values (45, 45);
insert into drug_inventory (inventory_item_id, drug_id) values (46, 46);
insert into drug_inventory (inventory_item_id, drug_id) values (47, 47);
insert into drug_inventory (inventory_item_id, drug_id) values (48, 48);
insert into drug_inventory (inventory_item_id, drug_id) values (49, 49);
insert into drug_inventory (inventory_item_id, drug_id) values (50, 50);